message,label
Campus offer: The canteen has introduced a new affordable lunch combo for students. Offer valid while stocks last.,Promotional
Department update: Students must complete the online course registration before the semester deadline. Please complete the required action before the deadline.,Academic
Student notice: Register for the Python programming workshop through the department Google Form. Check the student portal for the latest update.,Academic
The Operating Systems assignment has been reopened for late submission until Saturday.,Academic
Department update: The college has announced a workshop on Generative AI for third-year students. Please complete the required action before the deadline.,Academic
The last date for examination form submission is tomorrow.,Academic
Campus placement registration for the software developer drive is now open.,Placement
Student offer: The college canteen is offering a special combo meal for students today. Show your valid college ID to avail the offer.,Promotional
Placement update: Campus placement registration for the software developer drive is now open. Apply through the official placement portal.,Placement
Important academic update: Students are requested to collect their university examination hall tickets from the department office. Contact your faculty coordinator for clarification.,Academic
Placement cell notice: The placement cell has scheduled a pre-placement talk at 11 AM tomorrow. Carry your college ID for the process.,Placement
The mathematics remedial class will be conducted for students who need additional practice.,Academic
Special deal: The campus print shop has introduced discounted color printing for project reports. Terms and conditions may apply.,Promotional
Internal assessment marks will be available on the ERP portal from Monday.,Academic
The company has announced salary details and internship-to-full-time conversion terms.,Placement
Limited-time offer: Students can avail a discount on printing and spiral binding this Friday. Offer available for a limited period.,Promotional
Career opportunity: The company has announced salary details and internship-to-full-time conversion terms. Check the eligibility criteria before applying.,Placement
Special pricing is available for college fest food coupons until Friday.,Promotional
College fest early-bird registrations are now available at a discounted price.,Promotional
Students shortlisted for the coding assessment must report to Lab 5 at 9 AM.,Placement
Career opportunity: A recruitment drive for data analyst roles will be conducted in the seminar hall. Check the eligibility criteria before applying.,Placement
The campus cafe is offering a discounted coffee-and-snack combo during break time.,Promotional
Notice: A guest lecture on cloud computing will be held in the main auditorium. Please check the official notice board for details.,Academic
A recruitment drive for data analyst roles will be conducted in the seminar hall.,Placement
Campus offer: Get 20 percent off on stationery and notebooks at the campus store this week. Offer valid while stocks last.,Promotional
The cafeteria is offering a buy-one-get-one-free beverage promotion today.,Promotional
Limited-time offer: The campus cafe is offering a discounted coffee-and-snack combo during break time. Offer available for a limited period.,Promotional
The placement cell has shared the job description and eligibility criteria on the portal.,Placement
Avail a limited-time discount on technical books at the college bookstore.,Promotional
Special student pricing is available for college hoodies this week.,Promotional
Register for the Python programming workshop through the department Google Form.,Academic
Students must complete the online course registration before the semester deadline.,Academic
The campus store has announced a clearance sale on old merchandise.,Promotional
Placement cell notice: A company briefing session will be held before the technical assessment. Carry your college ID for the process.,Placement
The faculty has shared important revision questions for the upcoming ML examination.,Academic
"Important recruitment update: The coding round will include Python, SQL, data structures, and problem solving. Follow the placement cell instructions.",Placement
Placement update: A product company is visiting campus for recruitment of software engineering interns. Apply through the official placement portal.,Placement
The company will conduct a technical interview followed by an HR round.,Placement
Student offer: The bookstore is running a back-to-college stationery sale. Show your valid college ID to avail the offer.,Promotional
The end semester examination timetable has been released. Check the student portal for your schedule.,Academic
Students who clear the coding round will proceed to the technical interview.,Placement
The Data Structures tutorial will be conducted after regular lectures on Wednesday.,Academic
Campus offer: The photography club is offering affordable portrait sessions for students. Offer valid while stocks last.,Promotional
Students can avail a discount on printing and spiral binding this Friday.,Promotional
Placement update: The placement office has announced an internship drive for summer 2027. Apply through the official placement portal.,Placement
The placement cell has scheduled a pre-placement talk at 11 AM tomorrow.,Placement
The sports store has announced a student discount on cricket equipment.,Promotional
Important recruitment update: Candidates must carry two copies of their updated resume for the campus drive. Follow the placement cell instructions.,Placement
Students selected for the academic quiz should report to Room 204 at 10 AM.,Academic
Student offer: Enjoy a special weekend discount on college merchandise. Show your valid college ID to avail the offer.,Promotional
Important academic update: The Operating Systems assignment has been reopened for late submission until Saturday. Contact your faculty coordinator for clarification.,Academic
Placement cell notice: Resume verification for registered placement candidates starts from Monday. Carry your college ID for the process.,Placement
The college canteen is offering a special combo meal for students today.,Promotional
Students selected for the next interview round will receive an email from the placement cell.,Placement
Students should update their resumes with recent projects before the placement season.,Placement
Get a discount on lab coats and safety accessories at the campus store.,Promotional
Campus offer: The cafeteria is offering a buy-one-get-one-free beverage promotion today. Offer valid while stocks last.,Promotional
Important academic update: Internal assessment marks will be available on the ERP portal from Monday. Contact your faculty coordinator for clarification.,Academic
Special deal: The sports store has announced a student discount on cricket equipment. Terms and conditions may apply.,Promotional
Department update: Students must submit the Database Management Systems assignment by Friday. Please complete the required action before the deadline.,Academic
Buy two notebooks and get one free at the bookstore near the main gate.,Promotional
The department has scheduled a coding contest as part of the technical learning activities.,Academic
Career opportunity: An off-campus internship opportunity for AI and ML students has been shared by the placement office. Check the eligibility criteria before applying.,Placement
Students with the required CGPA can apply for the software engineer position.,Placement
A startup is hiring AI engineering interns with Python and machine learning skills.,Placement
Special deal: Get a discount on lab coats and safety accessories at the campus store. Terms and conditions may apply.,Promotional
The Data Analytics laboratory assessment will be held during the regular practical period.,Academic
Limited stock of discounted college jackets is available at the merchandise counter.,Promotional
Special deal: The annual college fest merchandise sale starts today at the student activity center. Terms and conditions may apply.,Promotional
The campus cafe has launched a new student breakfast combo.,Promotional
Notice: The department has scheduled a coding contest as part of the technical learning activities. Please check the official notice board for details.,Academic
Students are requested to collect their university examination hall tickets from the department office.,Academic
Important recruitment update: The placement cell is organizing a workshop on interview communication skills. Follow the placement cell instructions.,Placement
The student activity center is selling event passes at an early-bird price.,Promotional
Career opportunity: Eligible final-year students can apply for the upcoming technical recruitment drive. Check the eligibility criteria before applying.,Placement
An off-campus internship opportunity for AI and ML students has been shared by the placement office.,Placement
Career opportunity: Students should update their resumes with recent projects before the placement season. Check the eligibility criteria before applying.,Placement
Resume verification for registered placement candidates starts from Monday.,Placement
Important academic update: The Computer Networks practical journal must be completed before the next lab session. Contact your faculty coordinator for clarification.,Academic
Limited-time offer: A student discount is available on laptop accessories at the campus partner store. Offer available for a limited period.,Promotional
Enjoy a special weekend discount on college merchandise.,Promotional
Important academic update: The practical examination batches have been updated on the department notice board. Contact your faculty coordinator for clarification.,Academic
Campus offer: A local cafe near campus is offering a student combo with valid college ID. Offer valid while stocks last.,Promotional
Students must submit the Database Management Systems assignment by Friday.,Academic
Get 20 percent off on stationery and notebooks at the campus store this week.,Promotional
A student discount is available on laptop accessories at the campus partner store.,Promotional
Notice: The library has extended book-return deadlines until the end of the examination week. Please check the official notice board for details.,Academic
A company briefing session will be held before the technical assessment.,Placement
Students can avail special prices on art supplies at the campus shop.,Promotional
Student offer: Special student pricing is available for college hoodies this week. Show your valid college ID to avail the offer.,Promotional
Students can get special rates on ID-card holders at the campus stationery counter.,Promotional
The placement office has announced an internship drive for summer 2027.,Placement
Placement cell notice: A startup is hiring AI engineering interns with Python and machine learning skills. Carry your college ID for the process.,Placement
Limited-time offer: Get discounted prices on backpacks and accessories at the campus shop. Offer available for a limited period.,Promotional
Student offer: Students can avail special prices on art supplies at the campus shop. Show your valid college ID to avail the offer.,Promotional
Career opportunity: Students attending the recruitment drive must follow the formal dress code. Check the eligibility criteria before applying.,Placement
Get discounted prices on backpacks and accessories at the campus shop.,Promotional
Placement update: The placement cell is conducting a session on GitHub and project presentation for interviews. Apply through the official placement portal.,Placement
A product company is visiting campus for recruitment of software engineering interns.,Placement
Department update: The project review presentation is scheduled for next Tuesday in Seminar Hall A. Please complete the required action before the deadline.,Academic
Campus offer: Special pricing is available for college fest food coupons until Friday. Offer valid while stocks last.,Promotional
Placement update: Students selected for the next interview round will receive an email from the placement cell. Apply through the official placement portal.,Placement
Notice: The Software Engineering viva will be held according to the batch-wise schedule. Please check the official notice board for details.,Academic
Candidates must carry two copies of their updated resume for the campus drive.,Placement
The campus print shop has introduced discounted color printing for project reports.,Promotional
Placement cell notice: The deadline to register for the campus hiring drive is tomorrow evening. Carry your college ID for the process.,Placement
The AI and ML department is organizing a hands-on workshop on computer vision.,Academic
Placement update: The placement training session on quantitative aptitude is scheduled for Friday. Apply through the official placement portal.,Placement
Limited-time offer: The student activity center is selling event passes at an early-bird price. Offer available for a limited period.,Promotional
Department update: The faculty has shared important revision questions for the upcoming ML examination. Please complete the required action before the deadline.,Academic
Student notice: The semester project synopsis must be approved by your project guide. Check the student portal for the latest update.,Academic
The annual college fest merchandise sale starts today at the student activity center.,Promotional
The semester project synopsis must be approved by your project guide.,Academic
The placement coordinator has published the list of students eligible for the drive.,Placement
Placement cell notice: The company will conduct a technical interview followed by an HR round. Carry your college ID for the process.,Placement
The revised syllabus for the upcoming internal test is available on the student portal.,Academic
Special deal: Get special student offers on photocopying and document scanning services. Terms and conditions may apply.,Promotional
The college will conduct a seminar on research methodology for final-year students.,Academic
The college has announced a workshop on Generative AI for third-year students.,Academic
Students attending the recruitment drive must follow the formal dress code.,Placement
Special deal: Buy two notebooks and get one free at the bookstore near the main gate. Terms and conditions may apply.,Promotional
Placement update: The online aptitude assessment link will be active from 6 PM to 10 PM today. Apply through the official placement portal.,Placement
Attendance shortage students must meet the department coordinator before the examination form deadline.,Academic
Department update: The last date for examination form submission is tomorrow. Please complete the required action before the deadline.,Academic
"The coding round will include Python, SQL, data structures, and problem solving.",Placement
Department update: Students should check the revised lecture timetable uploaded on the ERP portal. Please complete the required action before the deadline.,Academic
The placement training session on quantitative aptitude is scheduled for Friday.,Placement
The photography club is offering affordable portrait sessions for students.,Promotional
Notice: The Data Structures tutorial will be conducted after regular lectures on Wednesday. Please check the official notice board for details.,Academic
Notice: The college will conduct a seminar on research methodology for final-year students. Please check the official notice board for details.,Academic
The placement cell is conducting a session on GitHub and project presentation for interviews.,Placement
Important recruitment update: The placement cell has shared the job description and eligibility criteria on the portal. Follow the placement cell instructions.,Placement
The project review presentation is scheduled for next Tuesday in Seminar Hall A.,Academic
Shortlisted candidates should check their registered email for interview slots.,Placement
Student notice: The mathematics remedial class will be conducted for students who need additional practice. Check the student portal for the latest update.,Academic
Placement update: Students who clear the coding round will proceed to the technical interview. Apply through the official placement portal.,Placement
Important academic update: Attendance shortage students must meet the department coordinator before the examination form deadline. Contact your faculty coordinator for clarification.,Academic
Important recruitment update: Students shortlisted for the coding assessment must report to Lab 5 at 9 AM. Follow the placement cell instructions.,Placement
The deadline to register for the campus hiring drive is tomorrow evening.,Placement
Important recruitment update: Students with the required CGPA can apply for the software engineer position. Follow the placement cell instructions.,Placement
A guest lecture on cloud computing will be held in the main auditorium.,Academic
Placement cell notice: Shortlisted candidates should check their registered email for interview slots. Carry your college ID for the process.,Placement
Special deal: Students can purchase project folders at a discounted rate this week. Terms and conditions may apply.,Promotional
Get special student offers on photocopying and document scanning services.,Promotional
A mock interview session will be organized for pre-final-year students.,Placement
Students can purchase project folders at a discounted rate this week.,Promotional
Student notice: Students selected for the academic quiz should report to Room 204 at 10 AM. Check the student portal for the latest update.,Academic
A local cafe near campus is offering a student combo with valid college ID.,Promotional
Career opportunity: A mock interview session will be organized for pre-final-year students. Check the eligibility criteria before applying.,Placement
The canteen has introduced a new affordable lunch combo for students.,Promotional
The library has extended book-return deadlines until the end of the examination week.,Academic
Notice: The end semester examination timetable has been released. Check the student portal for your schedule. Please check the official notice board for details.,Academic
Career opportunity: The aptitude test for the placement drive will be conducted online this weekend. Check the eligibility criteria before applying.,Placement
Students can get festival discounts on college-branded T-shirts.,Promotional
The placement cell is organizing a workshop on interview communication skills.,Placement
The department is conducting a doubt-solving session before the end semester examination.,Academic
Important recruitment update: The placement coordinator has published the list of students eligible for the drive. Follow the placement cell instructions.,Placement
Student offer: College fest early-bird registrations are now available at a discounted price. Show your valid college ID to avail the offer.,Promotional
The practical examination batches have been updated on the department notice board.,Academic
Limited-time offer: Avail a limited-time discount on technical books at the college bookstore. Offer available for a limited period.,Promotional
Campus offer: Limited stock of discounted college jackets is available at the merchandise counter. Offer valid while stocks last.,Promotional
The bookstore is running a back-to-college stationery sale.,Promotional
Campus offer: The campus cafe has launched a new student breakfast combo. Offer valid while stocks last.,Promotional
Important academic update: The revised syllabus for the upcoming internal test is available on the student portal. Contact your faculty coordinator for clarification.,Academic
Student notice: The Data Analytics laboratory assessment will be held during the regular practical period. Check the student portal for the latest update.,Academic
Student notice: The final date for submitting the mini-project report is 5 PM on Friday. Check the student portal for the latest update.,Academic
Student notice: The Machine Learning practical examination will be conducted in Lab 3 next week. Check the student portal for the latest update.,Academic
The Software Engineering viva will be held according to the batch-wise schedule.,Academic
The online aptitude assessment link will be active from 6 PM to 10 PM today.,Placement
Limited-time offer: Students can get festival discounts on college-branded T-shirts. Offer available for a limited period.,Promotional
The final date for submitting the mini-project report is 5 PM on Friday.,Academic
Student offer: Students can get special rates on ID-card holders at the campus stationery counter. Show your valid college ID to avail the offer.,Promotional
The Computer Networks practical journal must be completed before the next lab session.,Academic
Important academic update: The AI and ML department is organizing a hands-on workshop on computer vision. Contact your faculty coordinator for clarification.,Academic
Notice: The department is conducting a doubt-solving session before the end semester examination. Please check the official notice board for details.,Academic
Eligible final-year students can apply for the upcoming technical recruitment drive.,Placement
The aptitude test for the placement drive will be conducted online this weekend.,Placement
The Machine Learning practical examination will be conducted in Lab 3 next week.,Academic
Students should check the revised lecture timetable uploaded on the ERP portal.,Academic
Student offer: The campus store has announced a clearance sale on old merchandise. Show your valid college ID to avail the offer.,Promotional
The internal test for Artificial Intelligence will be conducted in Room 301 on Thursday.,Academic
Students must upload their laboratory journals before the practical assessment.,Academic
The department has announced a revision lecture for the upcoming university examination.,Academic
The seminar on ethical AI will begin at 2 PM in the conference hall.,Academic
The college has published the schedule for project evaluations.,Academic
Students shortlisted for the placement drive must complete the online assessment today.,Placement
The placement cell is accepting applications for a machine learning internship.,Placement
A company will conduct its pre-placement presentation on campus tomorrow.,Placement
The coding test for shortlisted candidates will cover Python and SQL.,Placement
Placement candidates should verify their resumes before the recruitment process.,Placement
The campus bookstore is offering discounted engineering reference books this month.,Promotional
Students can get a special discount on college fest T-shirts.,Promotional
The campus cafe has launched a discounted evening snack combo.,Promotional
Special student pricing is available on notebooks and stationery.,Promotional
A limited-time offer is available on college sports merchandise.,Promotional
Get a student discount on printing project reports at the campus print center.,Promotional
The college merchandise counter is offering a festive discount on hoodies.,Promotional
Students can purchase discounted event passes during the early-bird period.,Promotional
The canteen is offering a budget-friendly lunch combo for students.,Promotional
A special offer on backpacks is available at the campus store.,Promotional
The department has scheduled a practical demonstration for the upcoming lab assessment.,Academic
The university examination form correction window is now open.,Academic
The placement office has announced a resume review session for final-year students.,Placement
Students can register for the upcoming internship recruitment drive through the placement portal.,Placement
The campus partner store is offering special prices on laptop accessories for students.,Promotional
